{"username": "tank", "password": "3b3791092bedabb98336ea5bb6477622", "balance": 1004804.0, "flow": ["用户[tank] 提现金额[1000$]成功，手续费为: [50.0$]", "用户[tank] 提现金额[1000$]成功，手续费为: [50.0$]", "用户：[tank]  还款：[100000]成功!", "用户: [tank] 给 用户: [矮跟] 转账: [250$] 成功!", "用户消费金额: [308$]", "用户消费金额: [120293$]", "用户[tank] 提现金额[100$]成功，手续费为: [5.0$]", "用户消费金额: [530$]", "用户消费金额: [280$]", "用户消费金额: [30$]"], "shop_car": {"上海灌汤包": [30, 4], "广东凤爪": [28, 4]}, "locked": false}